line1,word2,word3,word4
line1,word2,word3,word4
line1,word2,word3,word4
line1,word2
line1,word2,word3,word4
line1,word2
line1,word2,word3,word4
line1,word2,word3,word4
line1,word2,word3
line1,word2,word3,word4
line1
line1,word2,word3,word4
line1,word2,word3
line1,word2,word3,word4
line1
line2,word5,word6,word7
line2,word5,word6
line2,word5,word6,word7
line2,word5,word6,word7
line2
line2,word5,word6,word7
line2
line2,word5,word6,word7
line2,word5,word6,word7
line3,word10,word11,word12
